guest_id,first_name,last_name,nickname,party_id,party_label,side,notes_private
g01,Benjamin,Kho,,p01,Kho Family,KLIFF,
g02,Imelda,Kho,,p01,Kho Family,KLIFF,
g03,Ramon,Kho,Mon,p01,Kho Family,KLIFF,
g04,Teresa,Chao,,p02,Chao Family,CHAO,
g05,Henry,Chao,,p02,Chao Family,CHAO,
g06,Charmaine,Chao,Char,p02,Chao Family,CHAO,
g07,Michael,Sy,,p03,Sy Household,BOTH,
g08,Patricia,Sy,,p03,Sy Household,BOTH,
g09,Nathan,Sy,,p03,Sy Household,BOTH,
g10,Grace,Uy,,p04,Uy Household,CHAO,
g11,Benson,Uy,,p04,Uy Household,CHAO,
g12,Celine,Uy,,p04,Uy Household,CHAO,"Uses a wheelchair, needs ground-floor seating"
g13,Anthony,Dy,,p05,Dy Household,KLIFF,
g14,Ligaya,Dy,Liga,p05,Dy Household,KLIFF,
g15,Samuel,Dy,,p05,Dy Household,KLIFF,
g16,Josephine,Dy,,p05,Dy Household,KLIFF,
g17,Rafael,Ang,,p06,Ang Household,CHAO,
g18,Beatrice,Ang,,p06,Ang Household,CHAO,
g19,Daniel,Ang,Danny,p06,Ang Household,CHAO,
g20,Felicity,Ang,,p06,Ang Household,CHAO,
